Config,Checkpoint,Name,Type
configs/body_2d_keypoint/topdown_heatmap/coco/td-hm_ViTPose-small-simple_8xb64-210e_coco-256x192.py,https://download.openmmlab.com/mmpose/v1/body_2d_keypoint/topdown_heatmap/coco/td-hm_ViTPose-small-simple_8xb64-210e_coco-256x192-4c101a76_20230314.pth,ViTPose,small
configs/body_2d_keypoint/topdown_heatmap/coco/td-hm_ViTPose-large-simple_8xb64-210e_coco-256x192.py,https://download.openmmlab.com/mmpose/v1/body_2d_keypoint/topdown_heatmap/coco/td-hm_ViTPose-large-simple_8xb64-210e_coco-256x192-3a7ee9e1_20230314.pth,ViTPose,large
configs/body_2d_keypoint/topdown_heatmap/coco/td-hm_ViTPose-huge-simple_8xb64-210e_coco-256x192.py,https://download.openmmlab.com/mmpose/v1/body_2d_keypoint/topdown_heatmap/coco/td-hm_ViTPose-huge-simple_8xb64-210e_coco-256x192-ffd48c05_20230314.pth,ViTPose,huge
configs/body_2d_keypoint/topdown_heatmap/coco/td-hm_ViTPose-base-simple_8xb64-210e_coco-256x192.py,https://download.openmmlab.com/mmpose/v1/body_2d_keypoint/topdown_heatmap/coco/td-hm_ViTPose-base-simple_8xb64-210e_coco-256x192-0b8234ea_20230407.pth,ViTPose,base
configs/body_2d_keypoint/topdown_heatmap/coco/td-hm_rsn18_8xb32-210e_coco-256x192.py,https://download.openmmlab.com/mmpose/v1/body_2d_keypoint/topdown_heatmap/coco/td-hm_rsn18_8xb32-210e_coco-256x192-9049ed09_20221013.pth,RSN,resnet18
configs/body_2d_keypoint/topdown_heatmap/coco/td-hm_rsn50_8xb32-210e_coco-256x192.py,https://download.openmmlab.com/mmpose/v1/body_2d_keypoint/topdown_heatmap/coco/td-hm_rsn50_8xb32-210e_coco-256x192-c35901d5_20221013.pth,RSN,resnet50
configs/body_2d_keypoint/topdown_heatmap/coco/td-hm_2xrsn50_8xb32-210e_coco-256x192.py,https://download.openmmlab.com/mmpose/v1/body_2d_keypoint/topdown_heatmap/coco/td-hm_2xrsn50_8xb32-210e_coco-256x192-9ede341e_20221013.pth,RSN,2xresnet18
configs/body_2d_keypoint/topdown_heatmap/coco/td-hm_3xrsn50_8xb32-210e_coco-256x192.py,https://download.openmmlab.com/mmpose/v1/body_2d_keypoint/topdown_heatmap/coco/td-hm_3xrsn50_8xb32-210e_coco-256x192-c3e3c4fe_20221013.pth,RSN,2xresnet50
configs/body_2d_keypoint/topdown_regression/coco/td-reg_pct-base_coco-256x256.py,external/PCT/weights/pct/swin_base.pth,PCT,base
configs/body_2d_keypoint/topdown_regression/coco/td-reg_pct-large_coco-256x256.py,external/PCT/weights/pct/swin_large.pth,PCT,large
configs/body_2d_keypoint/topdown_regression/coco/td-reg_pct-huge_coco-256x256.py,external/PCT/weights/pct/swin_huge.pth,PCT,huge
configs/body_2d_keypoint/topdown_heatmap/coco/cspnext-tiny_udp_8xb256-210e_coco-256x192.py,https://download.openmmlab.com/mmpose/v1/projects/rtmposev1/cspnext-tiny_udp-coco_pt-in1k_210e-256x192-0908dd2d_20230123.pth,UDP,cspnext-tiny
configs/body_2d_keypoint/topdown_heatmap/coco/cspnext-s_udp_8xb256-210e_coco-256x192.py,https://download.openmmlab.com/mmpose/v1/projects/rtmposev1/cspnext-s_udp-coco_pt-in1k_210e-256x192-92dbfc1d_20230123.pth,UDP,cspnext-small
configs/body_2d_keypoint/topdown_heatmap/coco/cspnext-m_udp_8xb256-210e_coco-256x192.py,https://download.openmmlab.com/mmpose/v1/projects/rtmposev1/cspnext-m_udp-coco_pt-in1k_210e-256x192-95f5967e_20230123.pth,UDP,cspnext-medium
configs/body_2d_keypoint/topdown_heatmap/coco/cspnext-l_udp_8xb256-210e_coco-256x192.py,https://download.openmmlab.com/mmpose/v1/projects/rtmposev1/cspnext-l_udp-coco_pt-in1k_210e-256x192-661cdd8c_20230123.pth,UDP,cspnext-large
configs/body_2d_keypoint/topdown_heatmap/coco/td-hm_hrnet-w32_8xb64-210e_coco-256x192.py,https://download.openmmlab.com/mmpose/v1/body_2d_keypoint/topdown_heatmap/coco/td-hm_hrnet-w32_8xb64-210e_coco-256x192-81c58e40_20220909.pth,HRNet,hrnetw32-si
configs/body_2d_keypoint/topdown_heatmap/coco/td-hm_hrnet-w32_8xb64-210e_coco-384x288.py,https://download.openmmlab.com/mmpose/v1/body_2d_keypoint/topdown_heatmap/coco/td-hm_hrnet-w32_8xb64-210e_coco-384x288-ca5956af_20220909.pth,HRNet,hrnetw32-li
configs/body_2d_keypoint/topdown_heatmap/coco/td-hm_hrnet-w48_8xb32-210e_coco-256x192.py,https://download.openmmlab.com/mmpose/v1/body_2d_keypoint/topdown_heatmap/coco/td-hm_hrnet-w48_8xb32-210e_coco-256x192-0e67c616_20220913.pth,HRNet,hrnetw48-si
configs/body_2d_keypoint/topdown_heatmap/coco/td-hm_hrnet-w48_8xb32-210e_coco-384x288.py,https://download.openmmlab.com/mmpose/v1/body_2d_keypoint/topdown_heatmap/coco/td-hm_hrnet-w48_8xb32-210e_coco-384x288-c161b7de_20220915.pth,HRNet,hrnetw48-li
configs/body_2d_keypoint/topdown_heatmap/coco/td-hm_hrnet-w32_udp-8xb64-210e_coco-256x192.py,https://download.openmmlab.com/mmpose/v1/body_2d_keypoint/topdown_heatmap/coco/td-hm_hrnet-w32_udp-8xb64-210e_coco-256x192-73ede547_20220914.pth,UDP,hrnetw32-si
configs/body_2d_keypoint/topdown_heatmap/coco/td-hm_hrnet-w32_udp-8xb64-210e_coco-384x288.py,https://download.openmmlab.com/mmpose/v1/body_2d_keypoint/topdown_heatmap/coco/td-hm_hrnet-w32_udp-8xb64-210e_coco-384x288-9a3f7c85_20220914.pth,UDP,hrnetw32-li
configs/body_2d_keypoint/topdown_heatmap/coco/td-hm_hrnet-w48_udp-8xb32-210e_coco-256x192.py,https://download.openmmlab.com/mmpose/v1/body_2d_keypoint/topdown_heatmap/coco/td-hm_hrnet-w48_udp-8xb32-210e_coco-256x192-3feaef8f_20220913.pth,UDP,hrnetw48-si
configs/body_2d_keypoint/topdown_heatmap/coco/td-hm_hrnet-w48_udp-8xb32-210e_coco-384x288.py,https://download.openmmlab.com/mmpose/v1/body_2d_keypoint/topdown_heatmap/coco/td-hm_hrnet-w48_udp-8xb32-210e_coco-384x288-70d7ab01_20220913.pth,UDP,hrnetw48-li
configs/body_2d_keypoint/topdown_heatmap/coco/td-hm_hrnet-w32_dark-8xb64-210e_coco-256x192.py,https://download.openmmlab.com/mmpose/v1/body_2d_keypoint/topdown_heatmap/coco/td-hm_hrnet-w32_dark-8xb64-210e_coco-256x192-0e00bf12_20220914.pth,DARK,hrnetw32-si
configs/body_2d_keypoint/topdown_heatmap/coco/td-hm_hrnet-w32_dark-8xb64-210e_coco-384x288.py,https://download.openmmlab.com/mmpose/v1/body_2d_keypoint/topdown_heatmap/coco/td-hm_hrnet-w32_dark-8xb64-210e_coco-384x288-9bab4c9b_20220917.pth,DARK,hrnetw32-li
configs/body_2d_keypoint/topdown_heatmap/coco/td-hm_hrnet-w48_dark-8xb32-210e_coco-256x192.py,https://download.openmmlab.com/mmpose/v1/body_2d_keypoint/topdown_heatmap/coco/td-hm_hrnet-w48_dark-8xb32-210e_coco-256x192-e1ebdd6f_20220913.pth,DARK,hrnetw48-si
configs/body_2d_keypoint/topdown_heatmap/coco/td-hm_hrnet-w48_dark-8xb32-210e_coco-384x288.py,https://download.openmmlab.com/mmpose/v1/body_2d_keypoint/topdown_heatmap/coco/td-hm_hrnet-w48_dark-8xb32-210e_coco-384x288-39c3c381_20220916.pth,DARK,hrnetw48-li
configs/body_2d_keypoint/topdown_heatmap/coco/td-hm_hrformer-small_8xb32-210e_coco-256x192.py,https://download.openmmlab.com/mmpose/top_down/hrformer/hrformer_small_coco_256x192-5310d898_20220316.pth,HRFormer,small-si
configs/body_2d_keypoint/topdown_heatmap/coco/td-hm_hrformer-small_8xb32-210e_coco-384x288.py,https://download.openmmlab.com/mmpose/top_down/hrformer/hrformer_small_coco_384x288-98d237ed_20220316.pth,HRFormer,small-li
configs/body_2d_keypoint/topdown_heatmap/coco/td-hm_hrformer-base_8xb32-210e_coco-256x192.py,https://download.openmmlab.com/mmpose/top_down/hrformer/hrformer_base_coco_256x192-6f5f1169_20220316.pth,HRFormer,base-si
configs/body_2d_keypoint/topdown_heatmap/coco/td-hm_hrformer-base_8xb32-210e_coco-384x288.py,https://download.openmmlab.com/mmpose/top_down/hrformer/hrformer_base_coco_384x288-ecf0758d_20220316.pth,HRFormer,base-li
configs/body_2d_keypoint/topdown_heatmap/coco/td-hm_mspn50_8xb32-210e_coco-256x192.py,https://download.openmmlab.com/mmpose/top_down/mspn/mspn50_coco_256x192-8fbfb5d0_20201123.pth,MSPN,1xresnet50
configs/body_2d_keypoint/topdown_heatmap/coco/td-hm_2xmspn50_8xb32-210e_coco-256x192.py,https://download.openmmlab.com/mmpose/top_down/mspn/2xmspn50_coco_256x192-c8765a5c_20201123.pth,MSPN,2xresnet50
configs/body_2d_keypoint/topdown_heatmap/coco/td-hm_3xmspn50_8xb32-210e_coco-256x192.py,https://download.openmmlab.com/mmpose/top_down/mspn/3xmspn50_coco_256x192-e348f18e_20201123.pth,MSPN,3xresnet50
configs/body_2d_keypoint/topdown_heatmap/coco/td-hm_4xmspn50_8xb32-210e_coco-256x192.py,https://download.openmmlab.com/mmpose/top_down/mspn/4xmspn50_coco_256x192-7b837afb_20201123.pth,MSPN,4xresnet50
configs/body_2d_keypoint/simcc/coco/simcc_res50_8xb64-210e_coco-256x192.py,https://download.openmmlab.com/mmpose/v1/body_2d_keypoint/simcc/coco/simcc_res50_8xb64-210e_coco-256x192-8e0f5b59_20220919.pth,SimCC,resnet50-si
configs/body_2d_keypoint/simcc/coco/simcc_res50_8xb32-140e_coco-384x288.py,https://download.openmmlab.com/mmpose/v1/body_2d_keypoint/simcc/coco/simcc_res50_8xb32-140e_coco-384x288-45c3ba34_20220913.pth,SimCC,resnet50-li
configs/body_2d_keypoint/simcc/coco/simcc_vipnas-mbv3_8xb64-210e_coco-256x192.py,https://download.openmmlab.com/mmpose/v1/body_2d_keypoint/simcc/coco/simcc_vipnas-mbv3_8xb64-210e_coco-256x192-719f3489_20220922.pth,SimCC,vipnas
configs/body_2d_keypoint/simcc/coco/simcc_mobilenetv2_wo-deconv-8xb64-210e_coco-256x192.py,https://download.openmmlab.com/mmpose/v1/body_2d_keypoint/simcc/coco/simcc_mobilenetv2_wo-deconv-8xb64-210e_coco-256x192-4b0703bb_20221010.pth,SimCC,mobilenetv2
configs/body_2d_keypoint/rtmpose/coco/rtmpose-t_8xb256-420e_coco-256x192.py,https://download.openmmlab.com/mmpose/v1/projects/rtmposev1/rtmpose-tiny_simcc-coco_pt-aic-coco_420e-256x192-e613ba3f_20230127.pth,RTMPose,tiny
configs/body_2d_keypoint/rtmpose/coco/rtmpose-s_8xb256-420e_coco-256x192.py,https://download.openmmlab.com/mmpose/v1/projects/rtmposev1/rtmpose-s_simcc-coco_pt-aic-coco_420e-256x192-8edcf0d7_20230127.pth,RTMPose,small
configs/body_2d_keypoint/rtmpose/coco/rtmpose-m_8xb256-420e_coco-256x192.py,https://download.openmmlab.com/mmpose/v1/projects/rtmposev1/rtmpose-m_simcc-coco_pt-aic-coco_420e-256x192-d8dd5ca4_20230127.pth,RTMPose,medium
configs/body_2d_keypoint/rtmpose/coco/rtmpose-l_8xb256-420e_coco-256x192.py,https://download.openmmlab.com/mmpose/v1/projects/rtmposev1/rtmpose-l_simcc-coco_pt-aic-coco_420e-256x192-1352a4d2_20230127.pth,RTMPose,large
configs/body_2d_keypoint/topdown_heatmap/coco/td-hm_sapiens2-0.4b_coco-1024x768.py,data/hf_cache/hub/models--facebook--sapiens2-pose-0.4b/snapshots/d898e876434837d65b20842d52e1f28d96feab2d/sapiens2_0.4b_pose.safetensors,Sapiens,0.4b
configs/body_2d_keypoint/topdown_heatmap/coco/td-hm_sapiens2-0.8b_coco-1024x768.py,data/hf_cache/hub/models--facebook--sapiens2-pose-0.8b/snapshots/59ec616493f1986ce6336a53f981c8db4c490180/sapiens2_0.8b_pose.safetensors,Sapiens,0.8b